price,names
"₹2,853 night₹2,853 per night",DLF-5/ Horizon Center Posh home-25min Airport
"₹1,212 night₹1,212 per night",Homestay #2
"₹1,300 night₹1,300 per night",Private Room with Terrace at Bagichi House
"₹1,369 night₹1,369 per night",W BLOCK 2A/3
"₹1,084 night₹1,084 per night",Private furnished room with attached washroom
"₹1,598 night₹1,598 per night",Independent and relaxing studio apartment
"₹1,255 night₹1,255 per night",Reebah Inn & Suites - 5
"₹1,648 night₹1,648 per night",Studio Room with Balcony
"₹8,744 night₹8,744 per night",The Red Room home-stay with shoba in New Delhi
"₹1,655 night₹1,655 per night",Private room in central Gurgaon
"₹1,312 night₹1,312 per night",NUAB House-1B Fortis/MAX/Paras/Medanta/HUDA Metro
"₹1,369 night₹1,369 per night",Air Light Food Contemplation
"₹2,713 night₹2,713 per night",AviKan Luxury Homestay
"₹2,029 ₹1,849 night₹1,849 per night, originally ₹2,029",Luxury room for people on the go-No 1
"₹1,691 ₹1,541 night₹1,541 per night, originally ₹1,691",Traveler’s Room @ Artmosphere
"₹1,113 ₹913 night₹913 per night, originally ₹1,113",Serene Retreat: Room + Balcony
"₹2,254 ₹2,054 night₹2,054 per night, originally ₹2,254",Sunshine Deck - The Sun Room
"₹1,669 ₹1,369 night₹1,369 per night, originally ₹1,669",Your own little space : )
"₹1,084 night₹1,084 per night","En-Suite Double Room, Rose Residency, Sector 51"
"₹3,360 night₹3,360 per night",Tangerine 1 -  Studio Sec42
"₹2,310 night₹2,310 per night","Private Studio room,Gurugram"
"₹1,598 night₹1,598 per night",Independent and relaxing studio apartment
₹950 night₹950 per night,Private Room with balcony at Bagichi House
"₹1,751 night₹1,751 per night",DLF Studio Room with Balcony
"₹3,595 night₹3,595 per night",Independent beautiful room with private garden
"₹3,449 night₹3,449 per night",Private Studio apt w balcony near DLF Cyber City
"₹2,650 night₹2,650 per night","Green & central room,Golf course road,Gurgaon."
"₹1,221 night₹1,221 per night",1 private room near DLF & Galleria Market
"₹1,335 night₹1,335 per night",Bohemian Duplex Paris Room
"₹4,124 night₹4,124 per night",Sterling Studio Apartment @MG Road Gurugram
"₹1,420 ₹1,168 night₹1,168 per night, originally ₹1,420",Bright & convenient private room
"₹5,135 night₹5,135 per night",Lush Green Surrounded Apartment
"₹5,564 ₹4,564 night₹4,564 per night, originally ₹5,564","Pvt 3bed near Cyber Hub,Metro 1st Fl & Ambiance ML"
"₹1,369 night₹1,369 per night",Air Light Food Contemplation
"₹2,054 night₹2,054 per night",Chai Initiative; Safe & Charming Home - Girls Only
"₹1,780 ₹1,460 night₹1,460 per night, originally ₹1,780",Heart of Gurgaon.
"₹1,255 night₹1,255 per night",Reebah Inn & Suites - 7
"₹1,336 ₹1,096 night₹1,096 per night, originally ₹1,336",Private Room in a 3 BHK Bunglow.
"₹2,054 night₹2,054 per night",Chai Initiative; Safe & Charming Home - Girls Only
"₹1,369 night₹1,369 per night",Welcome 1bedroom with free Wi-Fi free parking
"₹1,312 night₹1,312 per night",NUAB House-1A Fortis/MAX/Paras/Medanta/HUDA Metro
"₹1,141 night₹1,141 per night",Olivia Residency
"₹1,689 night₹1,689 per night",Amahi Inn - Luxury
"₹1,255 night₹1,255 per night",Reebah Inn & Suites - 8
"₹3,595 night₹3,595 per night",Independent beautiful room with private garden
"₹3,081 night₹3,081 per night","Quiet, private space in DLF phase V, Gurgaon"
"₹1,278 night₹1,278 per night",Cozy Private Room in centre of Gurugram
"₹2,582 night₹2,582 per night",Divine India EsselTowerMGRoadGgn
"₹2,781 ₹2,281 night₹2,281 per night, originally ₹2,781",FlxHo Horizon 4 - Private Room @Golf Course Rd
"₹1,145 ₹886 night₹886 per night, originally ₹1,145",Lovely 1 Bedroom very specious room & free parking
"₹2,167 night₹2,167 per night",1 Room in a 3 BHK Flat
"₹2,282 night₹2,282 per night",Room near Cyber Hub 5 mins away
"₹1,883 night₹1,883 per night",CHILL OUT ZONE
"₹1,495 night₹1,495 per night",My Mom Paradise Near 32nd Avenue
"₹1,368 night₹1,368 per night",luxury Private Balcony Room@sector 57
"₹2,500 night₹2,500 per night",Tastefully done room near Huda City Centre
"₹2,310 night₹2,310 per night","Private Studio room,Gurugram"
"₹1,447 ₹1,187 night₹1,187 per night, originally ₹1,447",Cozy room for stay
"₹1,466 night₹1,466 per night",air light food comfort quiet center
"₹1,689 night₹1,689 per night",Amahi Inn - Luxury
"₹1,541 night₹1,541 per night",1 Bedroom in the heart of Gurgaon
"₹1,141 night₹1,141 per night",Olivia Residency
"₹2,511 night₹2,511 per night",Bright room in a tastefully designed villa
"₹6,599 ₹5,279 night₹5,279 per night, originally ₹6,599",2 BHK Serviced Apartment with Bathtub (Perch)
"₹1,700 night₹1,700 per night",GILMORE STAY'S | PRIVATE ROOM IN 4 BHK |
"₹3,449 night₹3,449 per night",Studio Apartment near to Galleria Market
"₹5,339 ₹4,508 night₹4,508 per night, originally ₹5,339",Independent 2 beautiful bedrooms & private garden
"₹2,550 night₹2,550 per night","Premium &  Peaceful Studio Room, Cybercity Gurgaon"
"₹1,495 night₹1,495 per night",My Mom Paradise Near 32nd Avenue
"₹3,179 ₹2,624 night₹2,624 per night, originally ₹3,179",FlxHo Horizon 2 - Superior Room @Golf Course Rd
"₹1,027 night₹1,027 per night",NINE 2 FIVE HOMES
"₹1,840 night₹1,840 per night",Rendezvous Point Gurgaon Delhi
"₹1,183 ₹1,078 night₹1,078 per night, originally ₹1,183",NINE2FIVE HOMES- PREMIUM LONG STAYS.
"₹2,293 night₹2,293 per night",Lovely 1 bed room unit with private balcony & bath
"₹1,850 night₹1,850 per night",Romantic stay and dinning at Gurgaon.
"₹1,141 night₹1,141 per night",Double bed AC room with private En-suite bathroom
"₹1,712 night₹1,712 per night",Golf Luxury BnB Sector 42
"₹1,227 night₹1,227 per night",Lovely 1 bedroom with free parking and workspace
"₹3,449 night₹3,449 per night",Studio Apartment near to Galleria Market
"₹2,781 ₹2,281 night₹2,281 per night, originally ₹2,781",FlxHo Horizon 5 - Private Room @Golf Course Rd
"₹2,124 night₹2,124 per night",Spacious Studio Apt By S2L
"₹2,282 night₹2,282 per night",Sunshine Deck - The Mars Room
"₹1,484 night₹1,484 per night",A Lovely  Flat with separate room for comfort stay
"₹1,038 night₹1,038 per night",B- cheerful 1 bed 1 bath with kitchenette studio
"₹3,360 night₹3,360 per night",Tangerine 1 -  Studio Sec42
"₹1,700 night₹1,700 per night",GILMORE STAY'S | PRIVATE ROOM IN 4 BHK |
"₹1,027 night₹1,027 per night",NINE 2 FIVE HOMES
"₹2,459 night₹2,459 per night",2 Private rooms+1 bath in Apartment; Garden access
"₹2,550 night₹2,550 per night","Premium &  Peaceful Studio Room, Cybercity Gurgaon"
"₹1,598 night₹1,598 per night",Cut bed room with free parking
"₹1,258 ₹1,033 night₹1,033 per night, originally ₹1,258",Cozy Room near Aravali Hills
"₹2,293 night₹2,293 per night",Lovely 1 bed room unit with private balcony & bath
"₹5,135 night₹5,135 per night",Lush Green Surrounded Apartment
"₹3,315 night₹3,315 per night",1 luxe bedroom ensuite bath private courtyard
"₹1,400 ₹1,148 night₹1,148 per night, originally ₹1,400",LoomstayPink Boutique DLF-1
"₹2,518 night₹2,518 per night",Safest Villa for female travelers -Nirvana Country
"₹1,183 ₹1,078 night₹1,078 per night, originally ₹1,183",NINE2FIVE HOMES- PREMIUM LONG STAYS.
"₹4,265 night₹4,265 per night",Bed&Oats Super deluxe room no -3
"₹1,598 night₹1,598 per night",Cut bed room with free parking
"₹1,141 night₹1,141 per night",Double bed AC room with private En-suite bathroom
"₹1,335 night₹1,335 per night",Bohemian Duplex Paris Room
"₹2,068 night₹2,068 per night",""" Hey Joey,  It's Phoebe's home <3 """
"₹1,492 ₹1,224 night₹1,224 per night, originally ₹1,492",Stay Happy & lets others stay
"₹1,484 night₹1,484 per night",A Lovely  Flat with separate room for comfort stay
"₹2,847 night₹2,847 per night",Bed&Oats super deluxe room with open shower
"₹1,301 night₹1,301 per night",1Rk/studio/1room with Bathroom
"₹3,004 ₹2,464 night₹2,464 per night, originally ₹3,004",FlxHo Super 4 - Room in an Apt
"₹1,620 night₹1,620 per night",GILMORE STAY'S | PRIVATE ROOM IN 4 BHK |
"₹1,335 night₹1,335 per night",Bohemian Duplex Paris Room
"₹2,282 night₹2,282 per night",Room near Cyber Hub 5 mins away
"₹2,168 night₹2,168 per night",Lovely 1- Bedroom in a 2 BHK Apartment
"₹1,495 night₹1,495 per night",My Mom Paradise - Sector 15 Gurgaon
"₹2,260 night₹2,260 per night",Amahi Inn - Luxury Apartments
"₹2,167 night₹2,167 per night",A spacious room in 3 BHK flat near HUDA metro
"₹1,141 night₹1,141 per night",Guest house Olivia Residency Room 2
"₹3,004 ₹2,464 night₹2,464 per night, originally ₹3,004",FlxHo Super 4 - Room in an Apt
"₹2,847 night₹2,847 per night",Bed&Oats super deluxe room with open shower
"₹6,599 ₹5,279 night₹5,279 per night, originally ₹6,599",2 BHK Serviced Apartment with Bathtub (Perch)
"₹3,449 night₹3,449 per night",Classic Studio apt w balcony near Udhyog Vihar
"₹1,597 night₹1,597 per night","Welcome corporates, Family and couples."
"₹3,224 night₹3,224 per night",Classic Studio Apartment MG Road
"₹1,369 night₹1,369 per night",Cozy room near iffco chowk
"₹1,669 ₹1,369 night₹1,369 per night, originally ₹1,669",Singh's Residency Room 2
"₹1,152 night₹1,152 per night",A - Peaceful 1 Bedroom with Kitchen and Bathroom
"₹1,426 night₹1,426 per night",Serenity
"₹1,158 ₹1,056 night₹1,056 per night, originally ₹1,158",Your hideout : )
"₹2,893 ₹2,373 night₹2,373 per night, originally ₹2,893",FlxHo Cyber 3 - Private Room @Golf Course Rd
"₹3,174 night₹3,174 per night",A block
"₹3,084 ₹2,530 night₹2,530 per night, originally ₹3,084",Living the good life
"₹2,100 night₹2,100 per night",Country Home 2 @DLF Cyber City+15 min from Airport
"₹1,883 night₹1,883 per night","Private room Stays in IMT Manesar, Sector 1"
"₹1,044 ₹849 night₹849 per night, originally ₹1,044",“Home Stay with Nice Private Room”
"₹1,369 night₹1,369 per night",VTRIVEL3
"₹2,063 night₹2,063 per night",Madchas home
"₹2,282 night₹2,282 per night",The Burrow
"₹3,004 ₹2,464 night₹2,464 per night, originally ₹3,004",FlxHo Super 2 - Private Room @ Golf Course Rd
"₹2,881 night₹2,881 per night",One room/Vacation Paradise/Near IGI Delhi Airport
"₹1,369 night₹1,369 per night",VR ROOMs
"₹3,449 night₹3,449 per night",Winsome Studio Apartment MG Road
"₹2,290 night₹2,290 per night",Room with balcony & shared kitchen
"₹1,929 night₹1,929 per night",Private room in Gurgaon (DLF-3) B&B
"₹2,893 night₹2,893 per night",Bed & Oats - Deluxe room no -10
"₹1,141 night₹1,141 per night",Guest house Olivia Residency Room 4
"₹3,940 night₹3,940 per night",Studio with balcony-202
"₹1,940 night₹1,940 per night",1 RK Property in dlf phase 3
"₹1,044 ₹849 night₹849 per night, originally ₹1,044",“Home Stay with Nice Private Room”
"₹2,239 night₹2,239 per night",Bo-Teak Private room with Brkfst
"₹1,313 night₹1,313 per night",Hotel Room Near Delhi Airport
"₹3,224 ₹2,741 night₹2,741 per night, originally ₹3,224",Classic Studio Apartment @ MG Road Gurgaon
"₹1,598 night₹1,598 per night",MASTER ROOM CYBER CITY W 2A/3
"₹2,491 night₹2,491 per night","Lovely Private Property - Bedroom, Hall & Kitchen"
"₹1,107 night₹1,107 per night",Sweet home Dharuhera
"₹1,598 night₹1,598 per night",Vibe LIving
"₹5,599 night₹5,599 per night",3BHK Apartment for Family in sec 57
"₹1,929 night₹1,929 per night",Private room in Gurgaon (DLF-3) B&B
"₹3,275 night₹3,275 per night",Sky deluxe room with buffet breakfast
"₹3,304 night₹3,304 per night",Super deluxe room no -8
"₹3,800 night₹3,800 per night","Uber-Room with Private Balcony, Central Gurgaon."
₹958 night₹958 per night,Paradise for Solo/business/students travelers
"₹2,425 night₹2,425 per night",Renu's Place for Women only
"₹1,913 night₹1,913 per night",iSTAY BnB
"₹1,369 night₹1,369 per night",Cozy and comfortable room in a nice apartment.
"₹3,304 night₹3,304 per night",Super deluxe room no -8
"₹3,800 night₹3,800 per night","Uber-Room with Private Balcony, Central Gurgaon."
"₹2,425 night₹2,425 per night",Renu's Place for Women only
"₹1,913 night₹1,913 per night",iSTAY BnB
"₹5,720 night₹5,720 per night","Aikya Villa, Exclusive gated villa at DLF phase 2"
"₹1,369 night₹1,369 per night",Cozy and comfortable room in a nice apartment.
"₹4,008 night₹4,008 per night",Bright sunny room in an apartment DLF 2 Gurgaon
"₹1,951 night₹1,951 per night",Gracious by Vishesh Hotels & Home Stay Listing 4
"₹3,084 ₹2,530 night₹2,530 per night, originally ₹3,084",Living the good life
"₹8,546 night₹8,546 per night",The Tranquil Oasis Retreat - 3
"₹7,987 night₹7,987 per night",Decorated Terrace with 2 Rooms
"₹7,886 night₹7,886 per night",Samarpan terrace suites
"₹3,652 night₹3,652 per night",2 Bedrooms and 1 living room fully furnished
"₹2,995 night₹2,995 per night","KUDOS! Sunny Artistic Private Room, Vasant Kunj K"
"₹1,141 night₹1,141 per night",Space
"₹1,597 night₹1,597 per night",Comfortable spacious room with terrace garden
"₹2,282 night₹2,282 per night",Gracious by Vishesh Hotels & Home Stay Listing-6
"₹4,274 night₹4,274 per night",Sterling Studio Apartment@DLF Cyber City
₹913 night₹913 per night,A home away from home.
"₹1,780 night₹1,780 per night",1 pvt room/toi in shared 3BHK Nr Airport wt Kitch
"₹1,913 night₹1,913 per night",iSTAY BnB
"₹1,946 night₹1,946 per night",1 lovely private bedroom with attached bathroom
"₹1,438 night₹1,438 per night",Room11 attached balcony&bathroom
"₹5,720 night₹5,720 per night","Aikya Villa, Exclusive gated villa at DLF phase 2"
₹970 night₹970 per night,A Joyful Travellers Home 2
"₹1,026 night₹1,026 per night",Nanda Delhi Home
"₹3,000 night₹3,000 per night",The little Cave #CavesbyIndrajeet
"₹2,282 night₹2,282 per night",Gracious by Vishesh Hotels & Home Stay Listing-6
"₹1,484 night₹1,484 per night",Spacious Bedroom with Terrace garden 2
"₹1,664 ₹1,152 night₹1,152 per night, originally ₹1,664",Classic Beauty 1 bedroom no parking
"₹2,853 night₹2,853 per night","Park View Guest House,Vasant Kunj"
"₹2,282 night₹2,282 per night",Gracious by Vishesh Hotels & Home Stay Listing-7
"₹2,536 night₹2,536 per night",The White House- 1 bedroom for 2
"₹1,841 night₹1,841 per night",“The suite 22” ultra spacious modern studio
"₹3,903 night₹3,903 per night",Gracious by Vishesh Hotels & Home Stay Listing-1
"₹2,853 night₹2,853 per night","ParkView GuestHouse,VasantKunj 2"
"₹1,368 night₹1,368 per night",Nestorest Homestay
"₹4,336 night₹4,336 per night",Private room and terrace to chill.
"₹3,640 night₹3,640 per night",A Beautiful room in Safdarjung Enclave
"₹3,000 night₹3,000 per night",The little Cave #CavesbyIndrajeet
"₹1,221 night₹1,221 per night",A joyful travellers home
"₹1,113 night₹1,113 per night",Home for stay with free parking.
"₹1,651 night₹1,651 per night",GEETA VILLA
"₹1,550 night₹1,550 per night",A/C Private Room With Attached Bathroom
"₹1,592 night₹1,592 per night",Art Nest! (B'Fast+Books+AC+Wi-Fi)
"₹1,113 night₹1,113 per night",Comfortable place 4 stay.
"₹2,020 night₹2,020 per night",Studio room near metro& heritage
"₹3,252 night₹3,252 per night",SARAI KHAAS 4 @ Hauz Khas Village
"₹2,285 night₹2,285 per night",Gulmohar Villa (3)
"₹2,068 night₹2,068 per night",SouthDelhi/Star Location/Comfy Stay/2MinWalk Metro
"₹2,038 ₹1,705 night₹1,705 per night, originally ₹2,038",Quiet place with an adorable dog to welcome you.
"₹1,495 night₹1,495 per night",My Mom Paradise - Near 32nd Milestone  Sector 15
"₹1,084 night₹1,084 per night",Dreams & Streams - Pvt. Room & Pvt. Open Terence
"₹1,773 night₹1,773 per night",Ficus - a cosy terrace room with open space
"₹1,773 night₹1,773 per night",Ficus - a cosy terrace room with open space
"₹1,711 night₹1,711 per night",Excellency homestay Cosy BnB
"₹1,221 night₹1,221 per night",A joyful travellers home
"₹3,195 night₹3,195 per night",Charming B&B located in South Delhi
"₹3,252 night₹3,252 per night",SARAI KHAAS 4 @ Hauz Khas Village
"₹3,640 night₹3,640 per night",Indo- Scandinavian room in Safdarjung Enclave
"₹2,328 night₹2,328 per night",Terrace Flat with a view of Aravalli & Qutub Minar
"₹1,785 ₹1,465 night₹1,465 per night, originally ₹1,785",Lovely Pvt Bedroom Bath Wi-Fi Lift Parking
"₹2,038 ₹1,705 night₹1,705 per night, originally ₹2,038",Quiet place with an adorable dog to welcome you.
"₹1,120 night₹1,120 per night",Budget long/shortStayWFH balcony
"₹1,992 night₹1,992 per night",Puru boutique house
"₹4,108 night₹4,108 per night",SARAI KHAAS 3@ Hauz Khas Village
"₹4,807 night₹4,807 per night",Lake View Hut - Hauz Khas Village
"₹1,484 night₹1,484 per night",Ricotta Regency “
"₹2,068 night₹2,068 per night",SouthDelhi/Star Location/Comfy Stay/2MinWalk Metro
"₹1,241 night₹1,241 per night",1RK + Balcony - convenient long stays
"₹2,119 night₹2,119 per night",Bliss - A cheerful room and workplace
"₹2,499 night₹2,499 per night",Spacious Private Room in Posh Locality- Near Metro
"₹1,120 night₹1,120 per night",Budget long/shortStayWFH balcony
"₹2,119 night₹2,119 per night",Bliss - A cheerful room and workplace
"₹2,499 night₹2,499 per night",Luxurious King Bedroom in Gated Colony Near Metro
"₹2,065 night₹2,065 per night",2 Ac rooms for 3-4 ppl SAKET MALVIYA METRO Max
"₹2,499 night₹2,499 per night",Spacious Private Room in Posh Locality- Near Metro
"₹1,369 night₹1,369 per night",N. Y. C
"₹1,625 ₹1,333 night₹1,333 per night, originally ₹1,625",Budget Inn
"₹1,560 ₹1,424 night₹1,424 per night, originally ₹1,560",This is the One
"₹1,711 night₹1,711 per night",Couples Frndly Room Wd Netflix & Washing machine 2
"₹7,915 ₹6,130 night₹6,130 per night, originally ₹7,915",3 Private rooms Farmstay|NCR|GGN
"₹4,807 night₹4,807 per night",Lake View Hut - Hauz Khas Village
"₹1,052 night₹1,052 per night",Private Room With External Bathroom #new delhi
"₹4,008 night₹4,008 per night",Penthouse Studio-Hauz Khas Village
"₹3,424 night₹3,424 per night",SARAI KHAAS 2 @ Hauz Khas Village
"₹1,996 night₹1,996 per night",Neeraj's BNB 1 - No Parking & No Pets Allowed
"₹1,719 night₹1,719 per night","Pvt room, balcony -Greenery- Saket Malviya Nagar"
"₹1,711 night₹1,711 per night",Couples Frndly Room With Netflix & Washing Machine
"₹1,286 night₹1,286 per night","Sun-facing private room, balcony"
